
{
  "placeholderImages": [
    {
      "id": "hero-payment",
      "description": "Person making a digital payment with a smartphone",
      "imageUrl": "https://picsum.photos/seed/payzen-hero/1200/800",
      "imageHint": "digital payment"
    },
    {
      "id": "user-avatar-1",
      "description": "User profile avatar 1",
      "imageUrl": "https://picsum.photos/seed/avatar1/150/150",
      "imageHint": "portrait"
    },
    {
      "id": "user-avatar-2",
      "description": "User profile avatar 2",
      "imageUrl": "https://picsum.photos/seed/avatar2/150/150",
      "imageHint": "portrait"
    },
    {
      "id": "business-logo-1",
      "description": "Grocery Store Logo",
      "imageUrl": "https://picsum.photos/seed/biz1/100/100",
      "imageHint": "grocery store"
    },
    {
      "id": "qr-code-placeholder",
      "description": "Sample QR Code for Scanning",
      "imageUrl": "https://picsum.photos/seed/qr/300/300",
      "imageHint": "qr code"
    }
  ]
}
