{
  "placeholderImages": [
    {
      "id": "hero-payment",
      "description": "Person making a digital payment with a smartphone",
      "imageUrl": "https://images.unsplash.com/photo-1483478550801-ceba5fe50e8e?crop=entropy&cs=tinysrgb&fit=max&fm=jpg&ixid=M3w3NDE5ODJ8MHwxfHNlYXJjaHw4fHxkaWdpdGFsJTIwcGF5bWVudHxlbnwwfHx8fDE3NzEzMjM2MzF8MA&ixlib=rb-4.1.0&q=80&w=1080",
      "imageHint": "digital payment"
    },
    {
      "id": "user-avatar-1",
      "description": "User profile avatar 1",
      "imageUrl": "https://images.unsplash.com/photo-1506794778202-cad84cf45f1d?crop=entropy&cs=tinysrgb&fit=max&fm=jpg&ixid=M3w3NDE5ODJ8MHwxfHNlYXJjaHw0fHxwb3J0cmFpdHxlbnwwfHx8fDE3NzEzMzc0NTV8MA&ixlib=rb-4.1.0&q=80&w=1080",
      "imageHint": "portrait"
    },
    {
      "id": "user-avatar-2",
      "description": "User profile avatar 2",
      "imageUrl": "https://images.unsplash.com/photo-1614204424926-196a80bf0be8?crop=entropy&cs=tinysrgb&fit=max&fm=jpg&ixid=M3w3NDE5ODJ8MHwxfHNlYXJjaHwxMHx8cG9ydHJhaXR8ZW58MHx8fHwxNzcxMzM3NDU1fDA&ixlib=rb-4.1.0&q=80&w=1080",
      "imageHint": "portrait"
    },
    {
      "id": "business-logo-1",
      "description": "Grocery Store Logo",
      "imageUrl": "https://images.unsplash.com/photo-1506617420156-8e4536971650?crop=entropy&cs=tinysrgb&fit=max&fm=jpg&ixid=M3w3NDE5ODJ8MHwxfHNlYXJjaHw2fHxncm9jZXJ5JTIwc3RvcmV8ZW58MHx8fHwxNzcxMzA2MjUyfDA&ixlib=rb-4.1.0&q=80&w=1080",
      "imageHint": "grocery store"
    },
    {
      "id": "qr-code-placeholder",
      "description": "Sample QR Code for Scanning",
      "imageUrl": "https://images.unsplash.com/photo-1629128625414-374a9e16d56a?crop=entropy&cs=tinysrgb&fit=max&fm=jpg&ixid=M3w3NDE5ODJ8MHwxfHNlYXJjaHw5fHxxciUyMGNvZGV8ZW58MHx8fHwxNzcxMjU2NzkzfDA&ixlib=rb-4.1.0&q=80&w=1080",
      "imageHint": "qr code"
    }
  ]
}